BlockId,Label
blk_-1030832046197982436,Normal
blk_-1046472716157313227,Normal
blk_-1049340855430710153,Normal
blk_-1052513063506891954,Normal
blk_-1055254430948037872,Normal
blk_-1067234447809438340,Normal
blk_-1067866602168873257,Normal
blk_-1071115021179995772,Normal
blk_-1082541280306680938,Normal
blk_-1090213273274684471,Normal
blk_-1094025072435547068,Normal
blk_-1096621677333075077,Normal
blk_-1101091099241306483,Normal
blk_-1110880362999960078,Normal
blk_-1111344660779690782,Normal
blk_-1125621902344947014,Normal
blk_-1133573997287815203,Normal
blk_-1141332313413855099,Normal
blk_-1148756466197125339,Normal
blk_-1155882018729560343,Normal
blk_-1162676743264290624,Normal
blk_-116589515245909549,Normal
blk_-1180596628202464893,Normal
blk_-11867600358649678,Normal
blk_-1197396592032418307,Normal
blk_-1201318815778694289,Normal
blk_-1227720343537039835,Normal
blk_-1233005817943453613,Normal
blk_-1236077201457689973,Normal
blk_-1237539644269634790,Normal
blk_-1250775350296476256,Normal
blk_-1259190292740306590,Normal
blk_-1263913006422225885,Normal
blk_-1271403908410292619,Normal
blk_-1278725622357466169,Normal
blk_-1281276222788579863,Normal
blk_-1282453782148343691,Normal
blk_-1305222006484630743,Normal
blk_-1306900105984505600,Normal
blk_-1312981516354612257,Normal
blk_-1331750856499198500,Normal
blk_-1332315107905285608,Normal
blk_-1335063409877429524,Normal
blk_-133919539232421451,Normal
blk_-1342669964196815853,Normal
blk_-1345585044778938153,Anomaly
blk_-1347057913082589493,Normal
blk_-1367876730256254709,Normal
blk_-1368324087589035770,Anomaly
blk_-1379379987510648393,Normal
blk_-1383276859207001328,Normal
blk_-1387034299358896632,Normal
blk_-1417908110808566576,Normal
blk_-1432303681669932458,Normal
blk_-1435656632270396446,Normal
blk_-1440254020029439248,Normal
blk_-1442905060580014339,Normal
blk_-1451819169209310732,Normal
blk_-1454962873426270839,Normal
blk_-1484647023667047838,Normal
blk_-1485109068671160157,Normal
blk_-1485317050914225917,Normal
blk_-1490623381339215624,Normal
blk_-1492402439215451727,Normal
blk_-1496429201748767714,Normal
blk_-1508527605812345693,Normal
blk_-1522107359378428427,Normal
blk_-1522998827901549925,Normal
blk_-1525964299678787959,Normal
blk_-1527267659500322006,Normal
blk_-1533191386601391937,Normal
blk_-1535908830476495455,Normal
blk_-154600013573668394,Normal
blk_-1547954353065580372,Anomaly
blk_-1564644006975920581,Normal
blk_-1573544581830458089,Normal
blk_-1581605246928123722,Normal
blk_-1592043549272047369,Normal
blk_-1598760065436384831,Normal
blk_-1599621098605751235,Normal
blk_-1614641487214609125,Normal
blk_-1635752698830216319,Normal
blk_-1641081065757890722,Normal
blk_-1649239999940418046,Normal
blk_-165500353496111884,Normal
blk_-1657856234642335063,Normal
blk_-1661553043410372067,Normal
blk_-1674094254141559552,Normal
blk_-1675768179383804109,Normal
blk_-1680175975862749862,Normal
blk_-1680563440028826904,Normal
blk_-1690784932539647416,Normal
blk_-1693418636466747515,Normal
blk_-1704027189958470814,Normal
blk_-1709606535283888232,Normal
blk_-1717088081766373300,Normal
blk_-1727475099218615100,Normal
blk_-1728983474612515818,Normal
blk_-1729755380346651221,Normal
blk_-1732662141253491971,Normal
blk_-1733026139299872187,Normal
blk_-1733154814375651491,Normal
blk_-1733803097614960767,Normal
blk_-1750007847201154657,Normal
blk_-1751996688557225241,Normal
blk_-1753161039594546561,Normal
blk_-1754204887541031211,Normal
blk_-1755309160709170318,Normal
blk_-17685631368401548,Normal
blk_-1775264355226395799,Normal
blk_-1782996202120067721,Normal
blk_-178934379749864379,Normal
blk_-1798958443298220150,Normal
blk_-1800458850981311953,Normal
blk_-1807424528783081572,Normal
blk_-1821104627978106102,Normal
blk_-1842096107468319932,Normal
blk_-1846853350696018836,Normal
blk_-1849105860762445186,Normal
blk_-1851265222873801714,Normal
blk_-185994527242886002,Normal
blk_-1868325377308234190,Normal
blk_-1897524391075610396,Normal
blk_-190773840747023361,Normal
blk_-1910608563003942187,Normal
blk_-191333338640084691,Normal
blk_-1932467763723526131,Normal
blk_-1937193099911148343,Normal
blk_-1939956833921604216,Normal
blk_-1941312615450572331,Normal
blk_-1948505589144820414,Normal
blk_-1956140031907143783,Normal
blk_-1957299792594627113,Normal
blk_-1970947032352756307,Normal
blk_-2004529166303428909,Normal
blk_-2012430628930443984,Normal
blk_-2013946318750925538,Normal
blk_-2014243777892518956,Normal
blk_-2015110815660478655,Normal
blk_-2016403519138424998,Normal
blk_-2020273862360001901,Normal
blk_-2023442822091562967,Normal
blk_-2025578204394955498,Normal
blk_-2025617675484194470,Normal
blk_-20269367189114433,Normal
blk_-2032740670708110312,Normal
blk_-2035996502664501008,Normal
blk_-2051219911597308805,Normal
blk_-2068111211565768713,Normal
blk_-2073265102548439691,Normal
blk_-207775976836691685,Normal
blk_-2081474832657208733,Normal
blk_-2082401934988378573,Normal
blk_-2094397855762091248,Normal
blk_-2098161025946048013,Normal
blk_-210021574616486609,Normal
blk_-2117066166574895060,Normal
blk_-2125743956855238111,Normal
blk_-2129171714384027465,Normal
blk_-2141627858612526069,Normal
blk_-2144263949276079479,Normal
blk_-2151458111813215098,Normal
blk_-2165930080589343952,Normal
blk_-2192382893903170466,Normal
blk_-2194976790278647102,Normal
blk_-2210703755506918304,Normal
blk_-2225353020301959077,Normal
blk_-2230892279625104430,Normal
blk_-2242088550278361724,Normal
blk_-2243784245784480521,Normal
blk_-2250942073136893488,Normal
blk_-2268450354164990110,Normal
blk_-2268477281422551537,Normal
blk_-227411387418683230,Normal
blk_-2281067667503210140,Normal
blk_-2285729896739318683,Normal
blk_-2313277713021896570,Normal
blk_-2321016155994168744,Normal
blk_-2332150303475653460,Normal
blk_-2345355483730155757,Normal
blk_-23492739449820023,Normal
blk_-2402036602753320612,Normal
blk_-2421414377433740760,Normal
blk_-2425070029518924403,Normal
blk_-2439225174716664723,Normal
blk_-2445347158368483245,Normal
blk_-2451769929123196359,Normal
blk_-2452477352812192142,Normal
blk_-2466006073687914843,Normal
blk_-2480595760294717232,Normal
blk_-2492400942012223395,Normal
blk_-2506231977021079951,Normal
blk_-2518425063392446785,Normal
blk_-2530087534157630851,Normal
blk_-253282915050290778,Normal
blk_-2541428592126088938,Normal
blk_-2557432794238860908,Normal
blk_-2583370070230800221,Normal
blk_-2589662411410634043,Normal
blk_-2591043665372016488,Normal
blk_-2600305892036631113,Normal
blk_-2654726224018724510,Normal
blk_-265588615173040885,Normal
blk_-2656323385657954732,Normal
blk_-26568864070436835,Normal
blk_-2658615574293326723,Normal
blk_-2667669005094349452,Normal
blk_-2680500627064966252,Normal
blk_-2722768686407017386,Normal
blk_-272707591443354058,Normal
blk_-2746863406163228797,Anomaly
blk_-2780312306380730204,Normal
blk_-2794533871450434534,Normal
blk_-2808875502459981198,Normal
blk_-2826763604408365998,Normal
blk_-2827716238972737794,Normal
blk_-2834195813213005328,Normal
blk_-28342503914935090,Normal
blk_-2843780069100181052,Normal
blk_-2852294661215451806,Normal
blk_-2856928563366064757,Normal
blk_-2890295200276774269,Normal
blk_-2895171018912807248,Normal
blk_-2896670847306153652,Normal
blk_-2901225370888235702,Normal
blk_-2901266958756042716,Normal
blk_-2907776069874917892,Normal
blk_-290874442865281380,Normal
blk_-2916658835497879256,Normal
blk_-2918118818249673980,Normal
blk_-2923662094689783995,Normal
blk_-2929627680703662712,Normal
blk_-2934265883100282310,Normal
blk_-2935178173527646581,Normal
blk_-2947778702643296262,Normal
blk_-295306975763175640,Normal
blk_-29548654251973735,Normal
blk_-2959268996938658555,Normal
blk_-2965258329365213675,Normal
blk_-2975629975082443857,Normal
blk_-2989288139685694818,Normal
blk_-3010126661650043258,Normal
blk_-3023983271692989109,Normal
blk_-3025440686907267472,Normal
blk_-3039294462945223064,Normal
blk_-3055230140330616860,Normal
blk_-305633040016166849,Normal
blk_-3056652732896088330,Normal
blk_-309134958179110212,Normal
blk_-3091906986951252347,Normal
blk_-3134225108208373949,Normal
blk_-3140031507252212554,Normal
blk_-3140754468249228022,Normal
blk_-3152434225121092058,Normal
blk_-3157541550945505354,Normal
blk_-3170270010972115378,Normal
blk_-3172594752427649592,Normal
blk_-3183355402229300197,Normal
blk_-3184700311670257792,Normal
blk_-3187293586306086277,Normal
blk_-3198963348573340497,Normal
blk_-3225035678192156905,Normal
blk_-3228470001178394592,Normal
blk_-323838382557775734,Normal
blk_-3242342105286997235,Normal
blk_-3249711809227781266,Normal
blk_-3253005280055520211,Normal
blk_-3261177124784025140,Normal
blk_-3265479347842446682,Anomaly
blk_-3275237990609680332,Normal
blk_-3275788837420923000,Normal
blk_-3276232266876914214,Normal
blk_-3283153974358895314,Normal
blk_-328970571549408286,Normal
blk_-3295982945091621137,Normal
blk_-3300851862683571086,Normal
blk_-3316519570098743145,Normal
blk_-3324962406687427922,Normal
blk_-3329473910909732817,Normal
blk_-3339018122410311668,Normal
blk_-334982586592048773,Normal
blk_-3358448553918665902,Normal
blk_-3362838757940877177,Normal
blk_-3363550789841756902,Normal
blk_-3366974935992288326,Normal
blk_-337665304078248571,Normal
blk_-337972286882621518,Normal
blk_-3384560576963801177,Normal
blk_-3389135155401857220,Normal
blk_-3396836569886642130,Normal
blk_-3402248757106237109,Normal
blk_-3417101330634563680,Normal
blk_-3436382429367583573,Normal
blk_-3437475890798229344,Normal
blk_-3452734573703603740,Normal
blk_-3455521536483250153,Normal
blk_-3457731723401426942,Normal
blk_-3482997549732691785,Normal
blk_-3486808304671603275,Normal
blk_-3491385689517593364,Normal
blk_-3509323198988774369,Normal
blk_-3510473878877779134,Normal
blk_-352190670750948803,Normal
blk_-3522956055443924791,Normal
blk_-3564493590065542578,Normal
blk_-3572295706132449090,Normal
blk_-3573208405519699182,Normal
blk_-3575568207121859434,Normal
blk_-3575718350717794894,Normal
blk_-357695136519539363,Normal
blk_-3582070652284403613,Normal
blk_-3594701313167635091,Normal
blk_-3607708283707030582,Normal
blk_-3607860197409267245,Normal
blk_-3610057702150392748,Normal
blk_-3612946656596896413,Normal
blk_-3620767662957963389,Normal
blk_-3622135859810774312,Normal
blk_-3636681193077858741,Normal
blk_-3657665801189425193,Normal
blk_-3657751236932275338,Normal
blk_-3663004104512304532,Normal
blk_-3671953658029337449,Normal
blk_-3673133694834392576,Normal
blk_-3677956642639780952,Normal
blk_-3681974396824196300,Anomaly
blk_-3684613761619321001,Normal
blk_-3693786175267111588,Normal
blk_-3696162841836791939,Normal
blk_-3702595599317472079,Normal
blk_-3710747952520609225,Normal
blk_-3724350946705225881,Normal
blk_-3734839878416656496,Anomaly
blk_-3738901473077208093,Normal
blk_-3741526967786688540,Normal
blk_-3752135158991310104,Normal
blk_-3754029959138975487,Anomaly
blk_-3757501769775889193,Normal
blk_-3787594914477940893,Normal
blk_-3792836284792472725,Normal
blk_-3800132731140204959,Normal
blk_-3802183646922512795,Normal
blk_-3805070405372551730,Normal
blk_-3816036740130815667,Normal
blk_-3845286823494684378,Normal
blk_-3854777877236596649,Normal
blk_-3860035787700398391,Normal
blk_-3860894070657427592,Normal
blk_-3884471885525630813,Normal
blk_-3888538223380979891,Normal
blk_-3894803026385053344,Normal
blk_-3897674589140998025,Normal
blk_-3909548841543565741,Normal
blk_-3911466865418055820,Normal
blk_-3916247521166632303,Normal
blk_-3922743468150895472,Normal
blk_-3949633496933134307,Normal
blk_-3955287039966096707,Normal
blk_-3967261531426400230,Normal
blk_-3981735565440284420,Normal
blk_-3990317238913332296,Normal
blk_-4034227974316905164,Anomaly
blk_-4043525878322523713,Normal
blk_-4052810234606327693,Normal
blk_-4067446915270471579,Normal
blk_-4068751061953213467,Normal
blk_-4071286774767564790,Normal
blk_-4092973201423074374,Normal
blk_-409558225151784282,Normal
blk_-4110699195744660699,Normal
blk_-4110733372292809607,Normal
blk_-4117999745005013424,Normal
blk_-4124845864570823487,Normal
blk_-4139299269696044017,Normal
blk_-4149539113118855204,Normal
blk_-4150682644311695471,Normal
blk_-4154362211643572668,Normal
blk_-4165176068096983220,Normal
blk_-4165562468976768862,Normal
blk_-4174618838156947380,Normal
blk_-4181768899028058192,Normal
blk_-41928108292416895,Normal
blk_-4196449318426994195,Normal
blk_-420564586555502239,Normal
blk_-420818767915591010,Normal
blk_-4208396523159735354,Normal
blk_-4223625526513535681,Normal
blk_-4229375751333894621,Normal
blk_-4235116161537008844,Normal
blk_-424018194735922479,Normal
blk_-4253026248821272215,Normal
blk_-4265150363959543078,Normal
blk_-4269939382058952254,Normal
blk_-4289592006812254261,Normal
blk_-4295805058711840933,Normal
blk_-4298255715894292387,Normal
blk_-4301178988618507084,Normal
blk_-4304240611296196935,Normal
blk_-4311652947826112510,Normal
blk_-4312777901444596370,Normal
blk_-4325209272072286951,Normal
blk_-4330512786228504138,Normal
blk_-4334868513923498900,Normal
blk_-4342304152206614489,Normal
blk_-4347054230277727863,Normal
blk_-4352313989800650828,Normal
blk_-4355192005224403537,Normal
blk_-4358842839092719327,Normal
blk_-4365612131648152536,Normal
blk_-4368236874477798428,Normal
blk_-4380385204018751771,Normal
blk_-4385347171136037814,Normal
blk_-4390972361898978900,Normal
blk_-4393063808227796056,Normal
blk_-4405302133414008227,Normal
blk_-4411589101766563890,Anomaly
blk_-4424971182856566289,Normal
blk_-4427507243535536615,Normal
blk_-4430291708660291878,Normal
blk_-4433556521525567493,Normal
blk_-4434479572312007079,Normal
blk_-4438918035940270891,Normal
blk_-4455205822455130625,Normal
blk_-4468166796563085237,Normal
blk_-4468645577339843974,Normal
blk_-4473020641607592551,Normal
blk_-4473277914543734578,Normal
blk_-4498808851217768984,Normal
blk_-4510259260131940043,Normal
blk_-4526931594457272384,Normal
blk_-4551689611865410817,Normal
blk_-4566099704755845087,Normal
blk_-4570173726231458270,Normal
blk_-4578850505370039622,Normal
blk_-4582442491366282435,Normal
blk_-4590972095204776122,Normal
blk_-4595094649363595358,Normal
blk_-4598246018559857954,Normal
blk_-4619809198345103330,Normal
blk_-4624597753370705281,Normal
blk_-4633546693082073737,Normal
blk_-463998587096565542,Normal
blk_-4645750029177277209,Normal
blk_-4651707530079874243,Normal
blk_-4654885003331291932,Normal
blk_-4655280636272058732,Normal
blk_-4657423175636611807,Normal
blk_-4657886075935807358,Normal
blk_-4673509946769671609,Normal
blk_-4681205519208992498,Normal
blk_-4684475480143348818,Normal
blk_-468830939205980722,Normal
blk_-4702684774678057084,Normal
blk_-4737948505610037427,Normal
blk_-4741127506068309449,Normal
blk_-476906696485288376,Normal
blk_-4775386099844009890,Normal
blk_-4779205255695723216,Normal
blk_-4794867979917102672,Normal
blk_-4799092443170733505,Normal
blk_-4801855948459616884,Normal
blk_-4809870147222033236,Normal
blk_-4813738732036414715,Normal
blk_-4831379247767940447,Normal
blk_-4833650023923869528,Normal
blk_-4841792440390267307,Normal
blk_-4844505495441326897,Normal
blk_-4846710336436578833,Normal
blk_-4853183643928986291,Normal
blk_-4854562124894030819,Normal
blk_-4861262918414696307,Normal
blk_-4875138366845786590,Normal
blk_-488298625688742454,Normal
blk_-488462739843441981,Normal
blk_-490230821467544285,Normal
blk_-4917866339076366459,Normal
blk_-4930257130609958866,Normal
blk_-4935573595350235765,Normal
blk_-4937215748597091532,Normal
blk_-4941547144875557718,Normal
blk_-4945182943709543868,Normal
blk_-4954795063440871977,Normal
blk_-4956232013010963754,Normal
blk_-4967783186426171722,Normal
blk_-4970213618915792510,Normal
blk_-4980916519894289629,Normal
blk_-4984504651603069357,Normal
blk_-5003122231679852524,Normal
blk_-500534246236005335,Normal
blk_-5005618994659797504,Normal
blk_-500678958150296008,Normal
blk_-5009020203888190378,Normal
blk_-5009274684359267777,Normal
blk_-5012294311590635938,Normal
blk_-5012639079435860269,Normal
blk_-5014786445735476734,Normal
blk_-5017273584996436939,Normal
blk_-5029807829679779067,Normal
blk_-5045144756510626150,Normal
blk_-5057534532247887258,Normal
blk_-5073870177832699716,Normal
blk_-5078186985701364847,Normal
blk_-5086369325828333421,Normal
blk_-5102453487463005287,Normal
blk_-5120750586032922592,Normal
blk_-5124326558394984439,Normal
blk_-5127580069634421247,Normal
blk_-5135777574223073423,Normal
blk_-5136142986912961316,Normal
blk_-5136849989188547884,Normal
blk_-5140072410813878235,Anomaly
blk_-5144503768267321004,Normal
blk_-5144548163293169177,Normal
blk_-5145508449157510071,Normal
blk_-5145886774827574591,Normal
blk_-5159573936338473350,Normal
blk_-518701095493827363,Normal
blk_-5194808114606613364,Normal
blk_-5195120009388265,Normal
blk_-5195432543794777448,Normal
blk_-5201149273969117873,Normal
blk_-5203577173046267127,Normal
blk_-5205950257901523262,Normal
blk_-5214060566378896158,Normal
blk_-5215128860160823363,Normal
blk_-5215520749152394224,Normal
blk_-5217146995455608468,Normal
blk_-5224756755359850354,Normal
blk_-522892190802801712,Normal
blk_-5236578579938215340,Normal
blk_-5236655516146555545,Normal
blk_-524128780228307052,Normal
blk_-5255262711039499896,Normal
blk_-5263787695149681326,Normal
blk_-5293091556505218722,Normal
blk_-5306443381473737599,Normal
blk_-5309211894896608429,Normal
blk_-531469051872229488,Normal
blk_-5319073033164653435,Normal
blk_-5321676321043683563,Normal
blk_-5330522460969948971,Normal
blk_-5340841684362207777,Normal
blk_-5340885607150360719,Normal
blk_-5341992729755584578,Normal
blk_-5343533992609553091,Normal
blk_-5344266425789048231,Normal
blk_-5352085087037370841,Normal
blk_-5362598472846558076,Normal
blk_-5363213609331400263,Normal
blk_-5368528328022648701,Normal
blk_-5382946262718129284,Normal
blk_-5385105076403314787,Normal
blk_-5400783031085008882,Normal
blk_-5403209762224435166,Normal
blk_-5404881839098659470,Normal
blk_-5415591001139074826,Normal
blk_-5421365489363678155,Normal
blk_-54240672253074715,Normal
blk_-5427918313707752877,Normal
blk_-5429042599096020592,Normal
blk_-5429479049793046826,Normal
blk_-5435767047126325206,Normal
blk_-5439682406172672049,Normal
blk_-5442040196315589272,Normal
blk_-5450224419450631495,Normal
blk_-5455316994110506037,Normal
blk_-5471189807977280544,Normal
blk_-5471660287004025096,Normal
blk_-5473871016976323232,Normal
blk_-5504500392858491441,Normal
blk_-5511630179413516751,Normal
blk_-5513640508500780385,Anomaly
blk_-5524899010031625427,Normal
blk_-5534560875087182998,Normal
blk_-5542336029922582303,Normal
blk_-5569558931000121451,Normal
blk_-5573393775847919985,Normal
blk_-5580048401594934039,Normal
blk_-5580322334454533924,Normal
blk_-5581540863377925517,Normal
blk_-5586529360624346565,Normal
blk_-5587827566367944828,Normal
blk_-5598693099021996971,Normal
blk_-5603192027616633151,Normal
blk_-5610308397633191834,Normal
blk_-5613694521084380933,Normal
blk_-5623176793330377570,Normal
blk_-5624558200776510955,Normal
blk_-562725280853087685,Normal
blk_-5633587983998853189,Normal
blk_-5644397018622018109,Normal
blk_-5646228903161999640,Normal
blk_-566178736644429906,Normal
blk_-5668584889663038916,Normal
blk_-5671206752084326639,Normal
blk_-5679835604685169040,Normal
blk_-5680441982827916621,Normal
blk_-5685246533892022418,Normal
blk_-5704899712662113150,Normal
blk_-5718504625725408070,Normal
blk_-5718873743060788176,Normal
blk_-5719934513583495857,Normal
blk_-5722491454804415982,Normal
blk_-5724970555730638200,Normal
blk_-5739126205963920408,Normal
blk_-5773244829531118765,Normal
blk_-577659324269246113,Normal
blk_-5777981614298940026,Normal
blk_-5784376901556131897,Normal
blk_-5785220384376578831,Normal
blk_-5799866343936729403,Normal
blk_-5802915611610989626,Normal
blk_-5805500288959332434,Normal
blk_-5808893254440551816,Normal
blk_-5814328448485070742,Normal
blk_-5815145248455404269,Normal
blk_-5817942497672492100,Normal
blk_-5828360070550196756,Normal
blk_-582901062969027153,Normal
blk_-5836693155656083066,Normal
blk_-5852844080027817147,Normal
blk_-5861348317118763621,Normal
blk_-5861636720645142679,Normal
blk_-5880591395067598620,Normal
blk_-5882295985950637419,Normal
blk_-5892603381347650390,Normal
blk_-5908283405801966540,Normal
blk_-591552904934794824,Normal
blk_-5919767990596301121,Normal
blk_-5927343391895571936,Normal
blk_-5934436507161953485,Normal
blk_-5935642747315643391,Normal
blk_-5949883083428548093,Normal
blk_-5954527587435406374,Normal
blk_-5957060034695163774,Normal
blk_-5960135894031733009,Normal
blk_-5961895238114806886,Normal
blk_-5963475042722370536,Normal
blk_-5970165518655489569,Normal
blk_-5972745462629982078,Normal
blk_-5974833545991408899,Normal
blk_-6008397446568765070,Normal
blk_-6031720401337601269,Normal
blk_-6035411221441929663,Normal
blk_-6035642070260562886,Normal
blk_-6050976999174805557,Normal
blk_-6053005391233809507,Normal
blk_-6056336045486998577,Normal
blk_-6068451475575444798,Normal
blk_-6068587951382721748,Normal
blk_-6075803209168884005,Normal
blk_-608202790716579401,Normal
blk_-6114220623980201749,Normal
blk_-6117917602803602155,Normal
blk_-6127741703501838658,Normal
blk_-6131345369657245178,Normal
blk_-6135061626100136978,Normal
blk_-6136511938931864993,Normal
blk_-615578808743808725,Normal
blk_-6160667975382232149,Normal
blk_-6168484338203583997,Normal
blk_-6177194341369822651,Normal
blk_-6213380972217661202,Normal
blk_-6220821375880228145,Normal
blk_-622218131799806364,Normal
blk_-6224982681533811277,Normal
blk_-6247364168500873179,Normal
blk_-6250368566161066085,Normal
blk_-6255015379143356507,Normal
blk_-6261136177206340449,Normal
blk_-626413149556394155,Normal
blk_-6276023454199613372,Normal
blk_-6289001686128460561,Normal
blk_-62891505109755100,Anomaly
blk_-6290631608800952376,Normal
blk_-6292499669518281202,Normal
blk_-6299730951392868297,Normal
blk_-6308508598639278892,Normal
blk_-6314365697827006048,Normal
blk_-6325232815283133921,Normal
blk_-6329494504520216748,Normal
blk_-6330812010936261924,Normal
blk_-633826175832239328,Normal
blk_-6338549285508312302,Normal
blk_-6350492516478706425,Normal
blk_-6369730481066968769,Normal
blk_-6380328072112550668,Normal
blk_-6390296685077811803,Normal
blk_-6400421658804613208,Normal
blk_-6412155847905320411,Normal
blk_-6431101765137189231,Normal
blk_-643763844763678010,Normal
blk_-6441360440068187612,Normal
blk_-6442394521537090621,Anomaly
blk_-6448673813272428418,Normal
blk_-6449891932967810179,Normal
blk_-6454539193224916125,Normal
blk_-6464763289185102366,Normal
blk_-6464892000340112134,Normal
blk_-6477590833521072407,Normal
blk_-6486714614940767660,Anomaly
blk_-6488701068659548195,Normal
blk_-6500549130351529113,Normal
blk_-6502143621885580798,Normal
blk_-6520030462660619051,Normal
blk_-6525012344542022819,Normal
blk_-653434419514937486,Normal
blk_-6537833125980536955,Normal
blk_-6538449588297475521,Normal
blk_-6540455811923725840,Normal
blk_-6543889749770222531,Normal
blk_-6555060221133060529,Normal
blk_-657087263710195616,Normal
blk_-6582383997201802925,Normal
blk_-6592952246351162022,Normal
blk_-6608350831463251448,Normal
blk_-6618090096819679591,Normal
blk_-6620182933895093708,Normal
blk_-663653551898848389,Normal
blk_-66376131060945541,Normal
blk_-6640779266188771131,Normal
blk_-664656559337730574,Normal
blk_-6670958622368987959,Normal
blk_-667933171485085225,Normal
blk_-6695620358347030339,Normal
blk_-6719337521981113643,Normal
blk_-6750694665033046901,Normal
blk_-6754647973871368247,Normal
blk_-6759123807563555545,Normal
blk_-6766351519628312408,Normal
blk_-6773301007994789531,Normal
blk_-6783506473540833076,Normal
blk_-6795664812575964130,Normal
blk_-6802007379650646616,Normal
blk_-6802124772693111025,Normal
blk_-6802153775367591521,Normal
blk_-6809181994368905854,Normal
blk_-6811519872198278365,Normal
blk_-6811828069408410657,Normal
blk_-6832799704680039005,Normal
blk_-6836642008179678048,Normal
blk_-6837050820114491742,Normal
blk_-6841570414687342011,Normal
blk_-684595390732854503,Normal
blk_-6858401049333055963,Normal
blk_-6865167803683277211,Normal
blk_-6867873931012347356,Normal
blk_-6883339133893273874,Normal
blk_-6884056342993438262,Normal
blk_-6891122177443047531,Normal
blk_-6900989714336081087,Normal
blk_-6901909114834172466,Normal
blk_-6909400912794057067,Normal
blk_-6909607053783233975,Normal
blk_-6921441628286995043,Normal
blk_-6927870228542972281,Normal
blk_-6932221506331060207,Normal
blk_-6934248664959947757,Normal
blk_-6942784423611603919,Normal
blk_-6945615463687647586,Normal
blk_-6950176077776664217,Normal
blk_-6952295868487656571,Normal
blk_-6956067134432991406,Normal
blk_-6966935672736779591,Normal
blk_-6974693594143537436,Normal
blk_-6978845808078082463,Normal
blk_-6979800421545566530,Normal
blk_-6986311820863339652,Normal
blk_-6987238639050161133,Normal
blk_-6991853982611346454,Normal
blk_-6995454028444097802,Normal
blk_-6997219177553478996,Normal
blk_-7007208336332784130,Normal
blk_-7017553867379051457,Normal
blk_-7024895786822269814,Normal
blk_-7029628814943626474,Normal
blk_-7030770677241078854,Normal
blk_-703436021914343546,Normal
blk_-7048088870427586736,Normal
blk_-7056746602297676104,Normal
blk_-7096508472270520039,Normal
blk_-7105305952901940477,Anomaly
blk_-7106479503467535906,Normal
blk_-7109885589081848850,Normal
blk_-7111788899695387329,Normal
blk_-7115635482536854135,Normal
blk_-7125370327234065733,Normal
blk_-71429470616906355,Normal
blk_-7152190882826520998,Normal
blk_-7159695919045792245,Normal
blk_-7168328752988473716,Normal
blk_-7170175035335391571,Normal
blk_-7172347691639518373,Normal
blk_-719178972315562824,Normal
blk_-719470845056640928,Normal
blk_-719498947487451844,Normal
blk_-7200136644339435027,Normal
blk_-7200400342436668240,Normal
blk_-7202857144668308473,Normal
blk_-7207514537719465756,Normal
blk_-7227576651324043655,Normal
blk_-7228803354694123939,Normal
blk_-7230947007726948080,Normal
blk_-7238035741206373733,Normal
blk_-7247291679155656679,Normal
blk_-7256345477493725857,Normal
blk_-7266711648018793699,Normal
blk_-7269672042149855641,Normal
blk_-7282356322111075290,Normal
blk_-7285565997486715015,Normal
blk_-7293871043749246063,Normal
blk_-730776401372551814,Normal
blk_-7318022361288598312,Normal
blk_-7319442762668598889,Normal
blk_-7350482598011027441,Normal
blk_-7353572928777348242,Normal
blk_-7355153279766988632,Normal
blk_-736188013503336717,Normal
blk_-7364557883931785608,Normal
blk_-7367386750462511488,Normal
blk_-7369651436133452001,Normal
blk_-7372087176866857012,Normal
blk_-7380871572601322244,Normal
blk_-7389979618829759505,Normal
blk_-7391656937286046074,Normal
blk_-7403541028238011236,Normal
blk_-7411687001739959508,Normal
blk_-7411858598798393933,Normal
blk_-7413910507260978729,Normal
blk_-7418372263556457716,Normal
blk_-7418499425236853516,Normal
blk_-7423574498760490375,Normal
blk_-743349875664670637,Normal
blk_-7436749154361133879,Normal
blk_-7446091384471755694,Normal
blk_-7458279618877678162,Normal
blk_-7460532841070848624,Normal
blk_-7464161062429228045,Normal
blk_-747046374856916711,Normal
blk_-7483426835701512490,Normal
blk_-7486746679002157277,Normal
blk_-749176535135404637,Normal
blk_-7492294065771709299,Normal
blk_-7512746652453970810,Normal
blk_-7513928662244669476,Normal
blk_-7514806214244798312,Normal
blk_-7515058933811567980,Normal
blk_-7522572236891389139,Normal
blk_-7526023914950151999,Normal
blk_-7526945448667194862,Normal
blk_-7527506469734664572,Normal
blk_-7539658633533020967,Normal
blk_-7548149518969960333,Normal
blk_-7553009628768897700,Normal
blk_-7555801584297376435,Normal
blk_-7571492020523929240,Anomaly
blk_-7584542530081657301,Normal
blk_-7587189852169913514,Normal
blk_-75893538967225087,Normal
blk_-7592643790414500555,Normal
blk_-7595375726951801956,Normal
blk_-760015977981369567,Normal
blk_-7601381921195183756,Normal
blk_-7603740654202748654,Normal
blk_-7603795308074215276,Normal
blk_-7606467001548719462,Anomaly
blk_-7623732795385061487,Normal
blk_-762982068597249045,Normal
blk_-7630699912570186723,Normal
blk_-7637577152926063076,Normal
blk_-7640601843607665080,Normal
blk_-7642734632751940776,Normal
blk_-7646004878694144580,Normal
blk_-764747190320632607,Normal
blk_-7656610147924319419,Normal
blk_-765820154946060546,Normal
blk_-7658293778087733436,Normal
blk_-7667417209393167541,Normal
blk_-7667535133893574689,Normal
blk_-7668075074035173978,Normal
blk_-7678242108759603056,Normal
blk_-7680599654910200999,Normal
blk_-7683667795522321323,Normal
blk_-7693277678281547790,Normal
blk_-7709713535298137702,Normal
blk_-7716943410942322104,Normal
blk_-7724282460846954976,Normal
blk_-7724713468912166542,Normal
blk_-7727864185516010230,Normal
blk_-774267833966018354,Normal
blk_-7764040409370932316,Normal
blk_-7767902948513849386,Normal
blk_-7778922135767840250,Normal
blk_-7794786562417612249,Normal
blk_-7803343374223161433,Normal
blk_-7815259387557421424,Normal
blk_-7820996703068538967,Normal
blk_-7832937837605180330,Normal
blk_-7837339190764609698,Normal
blk_-7844092300527332901,Normal
blk_-7846283874350947646,Normal
blk_-7854501109698465657,Normal
blk_-7866582011201618766,Normal
blk_-7873581794069372986,Normal
blk_-7878121102358435702,Normal
blk_-7893636450787030202,Normal
blk_-7894824934989391122,Normal
blk_-7909610753867924116,Normal
blk_-7911408976820434495,Normal
blk_-7914996925059840931,Normal
blk_-7919006477393039068,Normal
blk_-7928230000822317050,Normal
blk_-793506372912437289,Normal
blk_-7937864120968665564,Normal
blk_-7948158002985968470,Normal
blk_-795209964982424254,Normal
blk_-7983508786213002472,Normal
blk_-7985144765168396303,Normal
blk_-7988596544606686086,Normal
blk_-7990763409688650846,Normal
blk_-7999375661905777727,Normal
blk_-800664075087524591,Normal
blk_-8014701913801168461,Normal
blk_-8015797075596093783,Normal
blk_-8022986908643041177,Normal
blk_-8023826090828946372,Normal
blk_-8026264173633579073,Normal
blk_-8040559034239258688,Normal
blk_-8049908920306758342,Normal
blk_-8050165297538775793,Normal
blk_-805262942087665153,Normal
blk_-8060252929692927663,Normal
blk_-8077373411465716253,Normal
blk_-8082428389627750477,Normal
blk_-8083036675630459841,Normal
blk_-808401720390253471,Normal
blk_-8093500164295459838,Normal
blk_-8108913101671416218,Normal
blk_-8121498678081035000,Normal
blk_-8123824094195108685,Normal
blk_-8127580564011467092,Normal
blk_-8130925109202184099,Normal
blk_-8131422413299851907,Normal
blk_-8140723044408248078,Normal
blk_-8144387882075572886,Normal
blk_-8145226289286457574,Normal
blk_-8154516246083521409,Normal
blk_-8162657657061473938,Normal
blk_-8167717961644709843,Normal
blk_-8187008844253719581,Normal
blk_-8192956077351896648,Normal
blk_-8198423074054354279,Normal
blk_-8214089520956286311,Normal
blk_-8225435781013159573,Normal
blk_-8227485321105019293,Normal
blk_-8241093737585222406,Normal
blk_-8246207776580662770,Normal
blk_-8255732027871411321,Normal
blk_-826920518336899809,Normal
blk_-8277873627721528374,Normal
blk_-8294986551316947211,Normal
blk_-8298405680648445349,Normal
blk_-8298519990603402919,Normal
blk_-8306714721294235181,Normal
blk_-8310554294841246175,Normal
blk_-8312238797251504127,Normal
blk_-8323785930877970805,Normal
blk_-8329840785892216949,Normal
blk_-8347949825960763812,Normal
blk_-8351015090014570293,Normal
blk_-8353423262983821010,Normal
blk_-8360774680830158225,Normal
blk_-8364400144313355814,Normal
blk_-8377763431920892140,Normal
blk_-8378747462487962732,Normal
blk_-8380267327243110056,Normal
blk_-8383503596684323017,Normal
blk_-8389657728641837382,Normal
blk_-8393060055740236791,Normal
blk_-8403618945096094999,Normal
blk_-8408087700903896282,Normal
blk_-8426741581316629266,Normal
blk_-8428590803682810851,Normal
blk_-8435779070374485499,Normal
blk_-8443921001690182522,Normal
blk_-8475679647841427708,Normal
blk_-8483420270408348004,Normal
blk_-8484827087450439270,Normal
blk_-8495670552887053546,Normal
blk_-8502460962248995911,Normal
blk_-8507209254958698084,Normal
blk_-852118157909078164,Normal
blk_-8522942048313632858,Normal
blk_-8523968015014407246,Normal
blk_-8524274644018377752,Normal
blk_-8524952715666214329,Normal
blk_-8547071368131084410,Normal
blk_-8558281124275910849,Normal
blk_-8558845834445970595,Normal
blk_-8562334328670278932,Normal
blk_-8563999607069929505,Normal
blk_-8568673600040025636,Normal
blk_-8570780307468499817,Normal
blk_-857151863616763327,Normal
blk_-8571819028995448536,Anomaly
blk_-8584158329012779023,Anomaly
blk_-85872290979354091,Normal
blk_-8588908000680498,Normal
blk_-8597840983621849778,Normal
blk_-8617088607862430908,Normal
blk_-8632488927959646482,Anomaly
blk_-8638442557570632582,Normal
blk_-8641647081502666269,Normal
blk_-8645365827804358878,Normal
blk_-8649503431827393598,Normal
blk_-8657800226489501791,Normal
blk_-8674089929114017279,Normal
blk_-8679916835272129336,Normal
blk_-8695715290502978219,Normal
blk_-8703611999267892995,Normal
blk_-8736461628840265232,Normal
blk_-8744988583359134013,Normal
blk_-8745453424063341007,Normal
blk_-8754388319080705916,Normal
blk_-8769398708439834546,Normal
blk_-8775602795571523802,Normal
blk_-878226404201600469,Anomaly
blk_-8788032532930439012,Normal
blk_-8789402864074203800,Normal
blk_-8792837405349224102,Normal
blk_-8796256534683400159,Normal
blk_-8834022217832819265,Normal
blk_-8835758154471700679,Normal
blk_-8838161455213213548,Normal
blk_-8838632285969241889,Normal
blk_-8847552694913526632,Normal
blk_-8848810702648406400,Normal
blk_-8852638972311349374,Normal
blk_-8856628810470361280,Normal
blk_-8863130543753323383,Normal
blk_-8876879715755468215,Normal
blk_-8879979113392880065,Normal
blk_-8887373200836701910,Normal
blk_-8892080524136798472,Normal
blk_-8898274302731129139,Normal
blk_-8907436477337775860,Normal
blk_-8915123233040672605,Normal
blk_-8915491531889006304,Normal
blk_-8923698979247229952,Normal
blk_-8923923031063738809,Normal
blk_-8924134715029713489,Normal
blk_-8939321760994370713,Normal
blk_-8948316319329891645,Normal
blk_-8949548167466276130,Normal
blk_-8965508153794244104,Normal
blk_-8969188698416564850,Normal
blk_-8974021306351083168,Normal
blk_-9001895211102825241,Normal
blk_-900229825899812461,Normal
blk_-900758580041645081,Normal
blk_-9013487557842539661,Normal
blk_-9016567407076718172,Normal
blk_-9017308542351369260,Normal
blk_-9038475355621289969,Normal
blk_-9049344623659872649,Normal
blk_-9056276727170871967,Normal
blk_-9056748866943837167,Normal
blk_-9056865861421808370,Normal
blk_-9069971851590882719,Normal
blk_-9076085976403711202,Normal
blk_-9089815063425241739,Normal
blk_-9092685890953655332,Normal
blk_-9098645110390099509,Normal
blk_-9103764593642564543,Anomaly
blk_-9110604833387121363,Normal
blk_-9120005470237070778,Normal
blk_-9122557405432088649,Normal
blk_-9132218772786220159,Normal
blk_-9161369067334198861,Normal
blk_-9162090767925303921,Normal
blk_-9167880724995702718,Normal
blk_-9169228974826183399,Normal
blk_-9171803179611497035,Normal
blk_-9171930401624803515,Normal
blk_-917268749136585019,Normal
blk_-9181958042427679309,Normal
blk_-9188933731705791676,Normal
blk_-9190864897806028230,Normal
blk_-9194660123773136535,Normal
blk_-9198375937828232046,Normal
blk_-9211699406261033878,Normal
blk_-921231092429668424,Normal
blk_-9220604860626391374,Normal
blk_-931590117143327078,Normal
blk_-945770324989341170,Normal
blk_-954856062493437881,Normal
blk_-966013175018359901,Normal
blk_-967145856473901804,Normal
blk_-989798817617753264,Normal
blk_-997605125898553536,Normal
blk_1002945451269828722,Normal
blk_1018961650823645078,Normal
blk_1021828391502582165,Normal
blk_102441832197223997,Normal
blk_1043487525777829194,Normal
blk_1057763407402503745,Normal
blk_1060814796407897179,Normal
blk_1064470652608359218,Normal
blk_1074754942323612586,Normal
blk_107727140948970996,Normal
blk_1077394056781488,Normal
blk_1078000656626961731,Normal
blk_1102735311308675356,Anomaly
blk_1104376461837247304,Normal
blk_111759050707136656,Normal
blk_1119272693889755844,Normal
blk_1122812501843755360,Normal
blk_1129715194117079802,Normal
blk_1144571179430079218,Normal
blk_1150231966878829887,Normal
blk_1151012386083696649,Normal
blk_1155029843511109085,Normal
blk_118013751374560901,Normal
blk_1184972950286241114,Normal
blk_1188202922232921994,Normal
blk_118950937507976810,Normal
blk_1190791818440776717,Normal
blk_1200136320542454615,Normal
blk_120277101968534224,Normal
blk_1213582438865696738,Normal
blk_1216611589160220108,Normal
blk_1237334407720045724,Normal
blk_1247599917761164561,Normal
blk_1253515519191706153,Normal
blk_1259893634804870815,Normal
blk_1275198635723397883,Normal
blk_1279439901767890758,Normal
blk_1296823600557793869,Normal
blk_1302893891174665780,Normal
blk_1303107722036031233,Normal
blk_1321799290531408498,Normal
blk_1345503778930512538,Normal
blk_1349228381785843634,Normal
blk_1350741653957819140,Normal
blk_1369784431092292099,Normal
blk_1372596948297458670,Normal
blk_1379455396847512711,Normal
blk_1389634598105954660,Normal
blk_1394107495884949139,Normal
blk_1407935810673971357,Normal
blk_1408672604432845193,Normal
blk_1411218759880637753,Normal
blk_1441315972355360459,Normal
blk_1447281351164457761,Normal
blk_1463530401988623658,Normal
blk_1473949624670719319,Anomaly
blk_1481009974400305784,Normal
blk_1483582953997932733,Normal
blk_148513789886825227,Normal
blk_1489031087420498797,Normal
blk_1498192967843651378,Normal
blk_1508705816376906895,Normal
blk_1512136249403454074,Normal
blk_1512923509505250283,Normal
blk_1526403491950199810,Normal
blk_153508158653341141,Normal
blk_1543605971733759530,Anomaly
blk_155320394753274773,Normal
blk_1553688227908800900,Normal
blk_1561008813520212225,Normal
blk_1577274266662884430,Normal
blk_157913239647511296,Normal
blk_1584196996810164915,Normal
blk_1587615395786683981,Normal
blk_1589878256898761558,Normal
blk_1594026090263820445,Normal
blk_1598414622053793245,Normal
blk_1600228140214754078,Normal
blk_1606295458729964667,Normal
blk_1636660629634995787,Normal
blk_1639683981444528748,Normal
blk_1646534811870220828,Normal
blk_1646909113279517647,Normal
blk_1649162819905816843,Normal
blk_165707910410871749,Normal
blk_166171721314010075,Normal
blk_167132135416677587,Normal
blk_1683075246463470765,Normal
blk_1686195200514944346,Normal
blk_1689772850125323349,Normal
blk_1692958087244489888,Normal
blk_1714886759174770356,Normal
blk_1716344083117307767,Normal
blk_1724757848743533110,Normal
blk_1727371778357941761,Normal
blk_1744485040428751334,Normal
blk_1746384029810476219,Normal
blk_1756478622414930264,Normal
blk_1777689952069868672,Normal
blk_1779145401405339993,Normal
blk_1781953582842324563,Normal
blk_1793140687921032046,Normal
blk_1815340037591016775,Normal
blk_1824928871191121429,Normal
blk_1828089683746536118,Normal
blk_1832308388558480,Normal
blk_1833093108290599780,Normal
blk_1838564958520120941,Normal
blk_1858805942071850133,Normal
blk_1859772752119590543,Normal
blk_1865953191447352631,Anomaly
blk_1869228153483717375,Normal
blk_189089569009261656,Normal
blk_1910039736720341651,Normal
blk_1910319264393500537,Normal
blk_1920931690498309324,Normal
blk_1927336911952959118,Normal
blk_1932147224007687756,Normal
blk_1943146154560599630,Normal
blk_1960893136630391966,Normal
blk_1979447750586388860,Normal
blk_1997668456720275587,Normal
blk_2004177185950968695,Normal
blk_2004418049430157212,Normal
blk_2015610615789582788,Normal
blk_2016964533702776852,Normal
blk_2026200052147887341,Normal
blk_2028803850179311599,Normal
blk_2038610753592374847,Normal
blk_2039230511363331616,Normal
blk_2040222317555585426,Normal
blk_2059389709317340334,Normal
blk_2060553104861908174,Normal
blk_2063252936853409868,Normal
blk_207875475387433291,Normal
blk_2080318574920472813,Normal
blk_2084123600915946046,Normal
blk_2089955821703690032,Normal
blk_2096030750186708493,Normal
blk_2096199637324483321,Normal
blk_2096692261399680562,Anomaly
blk_2101007907134483259,Normal
blk_2107477892986152528,Normal
blk_2107487634698646045,Normal
blk_2111886617384066018,Normal
blk_2113880130496815041,Normal
blk_2119401975697524206,Normal
blk_2128110944185709079,Anomaly
blk_2139707931694085102,Normal
blk_2147212041377545584,Normal
blk_2149728827322918746,Normal
blk_2151150262081352617,Normal
blk_2154193600525549460,Normal
blk_215466486430758887,Normal
blk_2156262111024914941,Normal
blk_2157471834570224881,Normal
blk_2161580591957523893,Normal
blk_2166777223671724319,Normal
blk_2180875151184358991,Normal
blk_2208589726473895860,Normal
blk_2209319141644287774,Normal
blk_2215517976324634098,Normal
blk_2241654010576170013,Normal
blk_2243777557693112935,Normal
blk_2244903517044280975,Normal
blk_22457656256024207,Normal
blk_2247786307216183697,Normal
blk_2253084440592362960,Normal
blk_2259206517962925438,Normal
blk_2261089810991980611,Normal
blk_2262752117989012641,Normal
blk_2270593866672608129,Normal
blk_2273334621242106674,Anomaly
blk_2278708746675870163,Normal
blk_2282833575688432184,Normal
blk_2294700909811950327,Normal
blk_2304296078821316612,Normal
blk_2312679955495839894,Anomaly
blk_231502148921342925,Normal
blk_2322432806134104317,Normal
blk_2341651676737321162,Normal
blk_2353918919834315845,Normal
blk_2377150260128098806,Normal
blk_2377944115560974127,Normal
blk_2380775154966815858,Anomaly
blk_2389216938154332862,Normal
blk_2403370969415186087,Normal
blk_241585185788373386,Normal
blk_2426255659473300323,Normal
blk_2430417102497887445,Normal
blk_2460145905812664251,Normal
blk_2468407162668753567,Anomaly
blk_2473550781612396886,Normal
blk_2474460483915499078,Normal
blk_247452006316846355,Normal
blk_2489882700357182381,Anomaly
blk_2508619583759354778,Normal
blk_2513940824125131775,Normal
blk_2529569087635823495,Normal
blk_2537458728254532453,Normal
blk_2568309208894455676,Normal
blk_2570966823909513791,Normal
blk_2576408434603492552,Normal
blk_2583125615128303019,Normal
blk_2583600095045026513,Normal
blk_2593937801738981947,Normal
blk_2599050023684318911,Normal
blk_2616961363639592748,Normal
blk_2618566506268332756,Normal
blk_2626057344048606017,Normal
blk_2630223487595425525,Normal
blk_2634772258588877972,Normal
blk_2652444451422301232,Normal
blk_2654596473569751784,Normal
blk_2657997043417110888,Normal
blk_2691304991047255190,Normal
blk_2698691234887375588,Normal
blk_2708206493147801743,Normal
blk_271142976916798281,Normal
blk_2713941272199175167,Normal
blk_2731617036199392057,Normal
blk_2731746367139956284,Normal
blk_2735034460607366827,Normal
blk_2736251498135196075,Anomaly
blk_2737505352081488746,Normal
blk_2740792916077430444,Normal
blk_2749066163012162435,Normal
blk_2756799797410851893,Normal
blk_2771018387166611008,Normal
blk_278357163850888,Anomaly
blk_2819581679409796253,Normal
blk_2824047463816148563,Normal
blk_2833019093942278701,Normal
blk_283922378823540530,Anomaly
blk_2847401988110989655,Normal
blk_2851869865185325732,Normal
blk_285336326661214154,Normal
blk_2860897425785746911,Normal
blk_2866275036574950116,Normal
blk_2869833078504290822,Normal
blk_2879780987351022871,Normal
blk_2904134648927436267,Normal
blk_2917692073041583988,Normal
blk_2920934363167004552,Normal
blk_2937758977269298350,Normal
blk_2953550760670423417,Normal
blk_2957756905007569214,Normal
blk_2967299761311489673,Normal
blk_2969087638814291714,Normal
blk_2972699288862031202,Normal
blk_2974262690755997396,Normal
blk_2980964138205299397,Normal
blk_2986720270598512615,Normal
blk_300967862449910205,Normal
blk_3016571528120363023,Normal
blk_3020717811556957482,Normal
blk_3042818489384932576,Normal
blk_3049351456771045311,Normal
blk_3050920587428079149,Normal
blk_3067558337579347170,Normal
blk_3068335169639013019,Normal
blk_3070718541088657475,Normal
blk_3073404534069578592,Normal
blk_3076992299328673559,Normal
blk_3079488924320077240,Normal
blk_3083630442630693250,Normal
blk_3084588477220583373,Normal
blk_3087787567144441647,Normal
blk_3088175971503531298,Normal
blk_3107521534415119817,Anomaly
blk_3134656542322449478,Normal
blk_313888672758374538,Normal
blk_3141363517520802396,Normal
blk_3150135312641203550,Normal
blk_3160319368100972992,Normal
blk_3166960787499091856,Normal
blk_3169060243663461885,Normal
blk_3181161977343808286,Normal
blk_3202507081359904616,Normal
blk_3206064173813164493,Normal
blk_3221204570666147236,Normal
blk_3222673463853349950,Normal
blk_3224184805694764748,Normal
blk_3224393364314749254,Normal
blk_3231389654886008065,Normal
blk_3235988328669699941,Normal
blk_323887415551221572,Normal
blk_3242229894054064344,Normal
blk_3243316191092266549,Normal
blk_3248835454898465560,Normal
blk_325981833999429148,Normal
blk_3259872359515191972,Normal
blk_3274968259628929519,Normal
blk_3278280638950561822,Normal
blk_3280859030919654043,Normal
blk_3291173852929756766,Normal
blk_3300803097775546532,Normal
blk_3304535870056962597,Normal
blk_3312198496468502316,Normal
blk_3318864983801406136,Normal
blk_3322875843051058970,Normal
blk_3332848207645320273,Normal
blk_3335012758760643328,Normal
blk_3336810835691486095,Normal
blk_3338047823148530794,Normal
blk_3351984198891394382,Normal
blk_3358274959811806117,Normal
blk_3376391218693716925,Normal
blk_3378157549705391333,Normal
blk_338095650783321996,Normal
blk_3382627815322561484,Normal
blk_3386670145292909259,Normal
blk_3406384548372443486,Normal
blk_3408482260833769309,Normal
blk_342378162324355732,Normal
blk_3428998332517532825,Normal
blk_3433046099598424314,Normal
blk_3438772130782939627,Normal
blk_3441699978641526775,Normal
blk_344934934043642744,Normal
blk_345577139488306634,Normal
blk_3463540868626173125,Normal
blk_3480684347183600958,Normal
blk_34905976850091068,Normal
blk_3492869167398569662,Normal
blk_3506875694435075421,Normal
blk_3515154079719300106,Normal
blk_352185875883785141,Normal
blk_3539852484771802299,Normal
blk_3542047035353248258,Normal
blk_3550669278239526374,Normal
blk_355286618997526877,Normal
blk_356592557993755459,Normal
blk_358331073189608564,Normal
blk_3584162266158512993,Normal
blk_3585424189730250601,Normal
blk_3585588704565901062,Normal
blk_3586596428873150919,Normal
blk_3587508140051953248,Normal
blk_3598226258881465924,Normal
blk_3598904881888399067,Normal
blk_3637945019239882309,Normal
blk_364441107933628577,Normal
blk_3652427357251545055,Normal
blk_365496398062338141,Normal
blk_3695169334833427187,Normal
blk_3706543205492061794,Normal
blk_3729730843466061623,Normal
blk_3733339790842827121,Normal
blk_3735517274901501821,Normal
blk_3755116621101133849,Normal
blk_3763728533434719668,Normal
blk_3764801892187716497,Normal
blk_3764836840384130740,Normal
blk_3776895047834644694,Normal
blk_3777389444004341563,Normal
blk_3777399812922072863,Normal
blk_3777400576053320362,Normal
blk_3781645897486585075,Normal
blk_3790492230047189408,Normal
blk_3792448673967861371,Normal
blk_3797494971676497497,Normal
blk_3808164640986377400,Normal
blk_3813114133944383323,Anomaly
blk_3813891701916249413,Normal
blk_3846795603907041885,Normal
blk_3848747149919646864,Normal
blk_3849239820458663566,Normal
blk_3852281952649038166,Normal
blk_3858015337960682724,Normal
blk_3862032846413436284,Normal
blk_387577766066135394,Normal
blk_3876184938151091897,Normal
blk_38865049064139660,Normal
blk_3894335463008345041,Normal
blk_3905759687686730625,Normal
blk_3911263675181899748,Normal
blk_391507259220628397,Normal
blk_391813102554451063,Normal
blk_3921292580505776296,Normal
blk_3922791077126964673,Normal
blk_3923069610304693233,Normal
blk_392347292517057138,Normal
blk_3924177422736829493,Normal
blk_3940282600163903101,Normal
blk_3941798034503185737,Normal
blk_3946183108430554053,Normal
blk_3954386352306480748,Normal
blk_3958940914408609637,Normal
blk_3960527526103274525,Normal
blk_3961831045048378097,Normal
blk_3962600675982666210,Normal
blk_3963698556744744747,Normal
blk_3972778210951456006,Normal
blk_397848436489409658,Normal
blk_3979872751691718643,Normal
blk_4007982883396598426,Normal
blk_4029139044660806713,Normal
blk_4029732570544915384,Normal
blk_4031738712701565209,Normal
blk_4041319486058127641,Normal
blk_4048438071314937575,Normal
blk_406835586147450451,Normal
blk_4068667188725811395,Normal
blk_4069436988023676023,Normal
blk_4081177399275502985,Normal
blk_4098532420907418423,Anomaly
blk_412956398445037066,Normal
blk_413552235254424009,Normal
blk_4149909442914612270,Normal
blk_4154740411570608045,Normal
blk_4162832865986721185,Normal
blk_4170936278386288557,Normal
blk_4178945095089206682,Normal
blk_4182287230523664560,Normal
blk_4198733391373026104,Normal
blk_4207359722112667226,Normal
blk_4210124392039605712,Normal
blk_4214952053910973364,Normal
blk_4225726256421431188,Normal
blk_4231049049582051919,Normal
blk_4233013542759682998,Normal
blk_4234385041723406944,Normal
blk_4238127626194855481,Normal
blk_423916008836295480,Normal
blk_424255210146453297,Normal
blk_424461424221613461,Normal
blk_425101290285860876,Normal
blk_4263664068073345850,Normal
blk_426381928692704514,Normal
blk_427477290315080955,Normal
blk_427714267500527780,Normal
blk_4284688617983009262,Normal
blk_4285859645577726288,Normal
blk_4292382298896622412,Anomaly
blk_429279891070363457,Normal
blk_4294115716822011564,Normal
blk_4307207852226914003,Normal
blk_4318179566727871532,Normal
blk_4330492872922862223,Normal
blk_434034567989619521,Normal
blk_4343207286455274569,Normal
blk_4355450627202483068,Normal
blk_4357276972386184626,Normal
blk_4361294871479973840,Normal
blk_4365203784873840210,Normal
blk_4367982328407767477,Normal
blk_4385764838827095986,Normal
blk_4389340532803855247,Normal
blk_4404895858852856851,Normal
blk_4414644179961808738,Anomaly
blk_4433676399725693167,Normal
blk_4438674026376140804,Normal
blk_4443043493758564822,Normal
blk_446299976487589160,Normal
blk_446513188203036714,Normal
blk_4466433199471909449,Normal
blk_4471044334742081825,Normal
blk_4473390551542202999,Normal
blk_449049393237281194,Normal
blk_4499140370762613763,Normal
blk_4506604798892399878,Normal
blk_4513772639980123655,Normal
blk_4516306414837452219,Anomaly
blk_4524198807982839635,Normal
blk_4531288786306744275,Normal
blk_4539833452749813987,Normal
blk_4553790855855864497,Normal
blk_4565822428702518889,Normal
blk_4568377692254637284,Normal
blk_4568434182693165548,Normal
blk_4575129504644372394,Normal
blk_4577632468651859430,Normal
blk_4581070264530964999,Normal
blk_4585055992495043771,Normal
blk_4588471931728384541,Normal
blk_4599950495841528213,Normal
blk_4614530673206341566,Normal
blk_4628142183191390143,Normal
blk_4628975089896927394,Normal
blk_4631777956354958682,Normal
blk_4632283243694149854,Normal
blk_4633996820313194570,Normal
blk_4638603954320058978,Normal
blk_4640277741339926850,Normal
blk_4641147544753118391,Normal
blk_4644812717442758529,Normal
blk_465845235850106928,Normal
blk_4658551441818960395,Normal
blk_467589865104023338,Normal
blk_469126362137371425,Normal
blk_469871968689793326,Normal
blk_4713539908695785630,Normal
blk_4713968111267226537,Normal
blk_4738781172941319823,Normal
blk_4741107979793372752,Normal
blk_4742178675580222210,Normal
blk_4755566011267050000,Normal
blk_4774383661473695119,Normal
blk_4774656339381154282,Normal
blk_4777657900314457675,Normal
blk_4783621682384104986,Normal
blk_4786794545180705888,Normal
blk_4802366409699286298,Normal
blk_4812792845864526586,Normal
blk_481857539063371482,Normal
blk_4820650745157199554,Normal
blk_4834069779372284635,Normal
blk_4841101867353115844,Normal
blk_4848669047361069041,Normal
blk_4863571548336254624,Anomaly
blk_4873550540813847659,Normal
blk_48742413802609430,Normal
blk_4877808040461609832,Normal
blk_4884219613602801814,Normal
blk_4886940526690879848,Normal
blk_4893049344332234616,Normal
blk_4927011145115127531,Normal
blk_4934527196392001803,Normal
blk_4939101994162863442,Normal
blk_49420377461855719,Normal
blk_4959462704623252283,Normal
blk_4963214289850966664,Normal
blk_496376132244907301,Normal
blk_4967370797322420259,Normal
blk_4967492069970766092,Normal
blk_4977937528993040451,Normal
blk_4984150784048864430,Normal
blk_4984720043834039361,Normal
blk_4989329877491629543,Normal
blk_4992622607400168655,Normal
blk_5017373558217225674,Normal
blk_5018765878120211503,Normal
blk_5018797996887008111,Normal
blk_5062112794659861146,Normal
blk_5072240701440032119,Normal
blk_5075966182561035053,Normal
blk_5095897972833086609,Normal
blk_5100975846124291571,Normal
blk_5106303344783117537,Normal
blk_5114010683183383297,Normal
blk_5114572025256210948,Normal
blk_5115892145206906855,Normal
blk_5118390778403008591,Normal
blk_512039711533506696,Normal
blk_5126469776250053435,Normal
blk_5163387277374142808,Normal
blk_5165786360127153975,Normal
blk_5174461779237739025,Normal
blk_5176179471361959897,Normal
blk_5176855630425795751,Normal
blk_5178539130945718870,Normal
blk_5183831565578080242,Normal
blk_5202581916713319258,Normal
blk_5203504995927133832,Normal
blk_5209577451013188921,Normal
blk_5210211633167259832,Normal
blk_5216491057643255876,Normal
blk_5225719677049010638,Normal
blk_5240632065631390212,Anomaly
blk_5250287988089075029,Normal
blk_5253889604362640423,Normal
blk_5256716488526744434,Normal
blk_5262186175243998904,Normal
blk_5272005015837990021,Normal
blk_5272731391668336674,Normal
blk_5272761429354463572,Normal
blk_5277338321835341602,Normal
blk_5335498635665743905,Normal
blk_5348548743130215090,Normal
blk_5356427838869009345,Normal
blk_5379939266348893280,Normal
blk_5385121219895615240,Normal
blk_5390763359901143305,Normal
blk_5402003568334525940,Normal
blk_5406084276349645828,Normal
blk_541463031152673662,Normal
blk_5453150794205420798,Normal
blk_5454332143498402824,Normal
blk_5454423648092670683,Normal
blk_5489815612272797790,Normal
blk_5491101910066444061,Normal
blk_5496448884081025648,Normal
blk_549647953114643908,Normal
blk_5505696082121135363,Normal
blk_5525607749827896334,Normal
blk_5528471097481810388,Normal
blk_5537011318013544619,Normal
blk_5547569777499890340,Normal
blk_5565611615515783341,Normal
blk_5570475465835003801,Normal
blk_5572208681898881669,Normal
blk_5574898547439146021,Normal
blk_557803157214911261,Normal
blk_5580254744888391593,Normal
blk_559204981722276126,Normal
blk_5600017220681756254,Normal
blk_560063894682806537,Normal
blk_5602895463700536678,Normal
blk_561417755647618727,Normal
blk_5616920288053661280,Normal
blk_5641239200978828454,Normal
blk_5646792755154529338,Normal
blk_5648034804629064273,Normal
blk_5663417083925711869,Normal
blk_566413670355737377,Normal
blk_5668137923110942035,Normal
blk_5677959846373741243,Normal
blk_5680538862600094527,Normal
blk_5689009809369418749,Normal
blk_5689516499354445029,Normal
blk_5701964561533648583,Normal
blk_5702487846232575705,Normal
blk_5708405953850477535,Normal
blk_570916157110129687,Normal
blk_572492839287299681,Normal
blk_5729560286355779655,Normal
blk_5733038550092620376,Normal
blk_5736622945587812309,Normal
blk_5739119717322549945,Normal
blk_5740615689780260922,Normal
blk_5760391051658436046,Anomaly
blk_5771906433100975293,Normal
blk_5781019224640206392,Normal
blk_5781791720343455145,Normal
blk_578261619176233743,Normal
blk_5782729236964719738,Normal
blk_5792489080791696128,Normal
blk_5806397523737304814,Normal
blk_5809900021002850724,Normal
blk_5813361416484537967,Normal
blk_5813923864071791162,Normal
blk_5816171803790152026,Normal
blk_5834218936335592624,Normal
blk_5844313985011885282,Normal
blk_5868517220927475394,Normal
blk_5872617224009342667,Normal
blk_5881782374981838094,Normal
blk_5894088883762961800,Normal
blk_5905689738251144455,Normal
blk_5905933788014151041,Normal
blk_5912213716795619450,Normal
blk_591323161994959677,Normal
blk_5915244038969911075,Normal
blk_5938666289587069744,Normal
blk_5948455948626091880,Normal
blk_5952254363678329024,Normal
blk_5953577136151423920,Normal
blk_5955377624764578810,Normal
blk_5963655886023015963,Normal
blk_5963816136267066159,Normal
blk_5971534893446541111,Normal
blk_5977008528949258706,Normal
blk_5978265573904271474,Normal
blk_5983149244832683042,Normal
blk_5989505185938770383,Normal
blk_6000837850922531821,Normal
blk_6002109944224710483,Normal
blk_6017354285686373326,Normal
blk_6030936529326346827,Normal
blk_6031076349976322578,Normal
blk_6036564204960295926,Normal
blk_6039898256291822367,Normal
blk_6048652012880073760,Normal
blk_6051144263842600010,Normal
blk_6054235487623373096,Normal
blk_6055109613223910610,Normal
blk_6077744985764117617,Normal
blk_6080034782037237879,Normal
blk_6082535783543982566,Normal
blk_6085274723649229095,Normal
blk_6085442148007558065,Normal
blk_608957629753483727,Normal
blk_6093743385844975689,Normal
blk_6093858391888371854,Normal
blk_6095704128062577668,Normal
blk_6105506155797750768,Normal
blk_6106884317961925960,Normal
blk_6107935679779418195,Normal
blk_6108023147232847992,Normal
blk_6123232805286187512,Normal
blk_6125469222540396851,Normal
blk_6137960563260046065,Normal
blk_6138894560185644209,Normal
blk_6140788650991100539,Normal
blk_6147898566868510104,Normal
blk_6148201552996212693,Normal
blk_6163400028286940197,Normal
blk_6170586659371027531,Normal
blk_6178964531181542074,Normal
blk_61908781908925992,Normal
blk_6204056282927975796,Normal
blk_6207861897580168557,Normal
blk_621685330749869453,Normal
blk_6223504502438507199,Normal
blk_6238543795209416553,Normal
blk_6241141267506413726,Normal
blk_6245594177708848366,Normal
blk_6285161494041403917,Normal
blk_6296828743242110158,Normal
blk_6306622708327890839,Normal
blk_6308888821787547357,Normal
blk_6323743466920239525,Normal
blk_6324712740029479576,Normal
blk_6329639726609402522,Normal
blk_6332892729727950039,Normal
blk_6338761369201338121,Normal
blk_6373260430960091026,Normal
blk_6374836031306809839,Normal
blk_6384439316405471171,Normal
blk_6385574357371832424,Normal
blk_6392434729242722288,Normal
blk_6398122733993275620,Normal
blk_6400082566804273401,Normal
blk_6406847509870023726,Normal
blk_6413710007211667486,Normal
blk_6413965758113058023,Normal
blk_641646158310569454,Normal
blk_6417614801998326532,Normal
blk_6445339027653789144,Normal
blk_6446927133528675675,Normal
blk_6449230045010995668,Normal
blk_6451403582950672007,Normal
blk_6465095458973828118,Normal
blk_6489659315944341351,Normal
blk_6490003020931145707,Normal
blk_6491424745418112176,Normal
blk_6491888411266994867,Normal
blk_649427218152856001,Normal
blk_6497260538939100482,Normal
blk_6499414220139660338,Normal
blk_6514181997629420906,Normal
blk_6516880861186877710,Normal
blk_6534693994677948144,Normal
blk_6542592144596063478,Anomaly
blk_6547729596040509998,Anomaly
blk_6552418180158772377,Anomaly
blk_6556854018013706836,Anomaly
blk_6563909003697001371,Normal
blk_6585429064641693815,Normal
blk_6601059760261449131,Normal
blk_6610244864386894422,Normal
blk_6628512193350164674,Normal
blk_6640583412927022083,Normal
blk_6655622109568310643,Normal
blk_666713934549639791,Normal
blk_6672666770563118759,Normal
blk_6675543598756975559,Normal
blk_6675564098604634452,Normal
blk_668295516093167045,Normal
blk_6685663454079607598,Normal
blk_6686361711974377273,Normal
blk_6690143611140381289,Normal
blk_6695517786834913217,Normal
blk_6698851413708497072,Normal
blk_6702054389824523327,Normal
blk_6708643067868168687,Normal
blk_6730979070070986233,Normal
blk_673825774073966710,Normal
blk_6745520736924802462,Normal
blk_6746178639682808096,Normal
blk_6748710057489679257,Normal
blk_6749232449432458524,Normal
blk_6763863888784019261,Normal
blk_6791628131402590260,Normal
blk_679168189072909208,Normal
blk_6799391641508508235,Normal
blk_6807535563873595117,Normal
blk_6809155287484296510,Normal
blk_6818232325322327288,Normal
blk_6828121630547887549,Normal
blk_6828263829429857572,Normal
blk_6855535886504612774,Normal
blk_6865645438678864855,Normal
blk_6868050965297613251,Normal
blk_6880728743505526406,Normal
blk_6881216037013929188,Normal
blk_6888300867578983331,Anomaly
blk_6894918622505820383,Normal
blk_691517018986659607,Normal
blk_6918427074195439966,Normal
blk_6921674711959888070,Normal
blk_692184983396207285,Normal
blk_6928449948805597176,Normal
blk_6943254721518837570,Normal
blk_6973321719929905054,Normal
blk_6975937964598933356,Normal
blk_6988110707613820142,Normal
blk_6996194389878584395,Anomaly
blk_699651392443620263,Normal
blk_7016884347337429710,Normal
blk_7017399031777870797,Normal
blk_703046261120042821,Normal
blk_703049809255765647,Normal
blk_703387617548630438,Normal
blk_7045475543362904558,Normal
blk_7048740572660501729,Normal
blk_7061131805920430446,Normal
blk_7067050654303940677,Normal
blk_706826531153199550,Normal
blk_707166530951154301,Normal
blk_7078766226078740026,Normal
blk_7079754042611867581,Normal
blk_708101772844351082,Normal
blk_7090935285617451450,Normal
blk_7094265091490664593,Normal
blk_70980361971054326,Normal
blk_710178463364063355,Normal
blk_7108974241330205218,Normal
blk_7112727670634942639,Normal
blk_712730845180531820,Normal
blk_7128370237687728475,Normal
blk_7154985168984871115,Normal
blk_7159969052744592746,Normal
blk_7177118590277025973,Normal
blk_7186692462976470823,Normal
blk_7190156588310412626,Normal
blk_7193551490488433552,Normal
blk_7194943883245628915,Anomaly
blk_7197514030988119866,Normal
blk_7206839389762980382,Normal
blk_7211071078501521087,Normal
blk_7213990003235926706,Normal
blk_7224257732880626802,Normal
blk_7225301266481603731,Normal
blk_7227035060836018780,Normal
blk_7229716389774599497,Normal
blk_7234346856930822716,Normal
blk_7237730029042141635,Normal
blk_7240227881194993860,Normal
blk_727000711161641724,Normal
blk_7275457888263057111,Normal
blk_728165942214842306,Normal
blk_7294821275446427348,Normal
blk_7297060562345904886,Normal
blk_7323287581932922676,Normal
blk_7324196727355442810,Normal
blk_7330803663603700184,Normal
blk_7336636250384047238,Normal
blk_73389299186801686,Normal
blk_7345322407792942877,Normal
blk_7347539858784653625,Normal
blk_7360639743953947587,Normal
blk_7400944190976416273,Normal
blk_7412933088374169877,Normal
blk_7413830214932763926,Normal
blk_7415823309220171667,Normal
blk_7430820184211246929,Normal
blk_7434237665308221519,Normal
blk_7439201509602018752,Normal
blk_7453815855294711849,Normal
blk_7463248820468902190,Normal
blk_7473411975130090672,Normal
blk_7474737521119026445,Normal
blk_7481361125021302112,Normal
blk_7484759945731484842,Normal
blk_7489155602821840025,Normal
blk_7500282100357271699,Normal
blk_7501235595045510958,Normal
blk_7505828172725463922,Normal
blk_7513976340045981966,Normal
blk_7517964792804498202,Normal
blk_7519257846502835091,Normal
blk_752365829198406123,Normal
blk_7533949673910842243,Normal
blk_7534378757788640871,Normal
blk_753559000954836892,Normal
blk_7535677865140289610,Normal
blk_7541621664406141215,Normal
blk_7550266985912909372,Normal
blk_755689327380778318,Normal
blk_7572868180557515526,Normal
blk_7577595658377008671,Normal
blk_7580930377559819562,Normal
blk_7583807825342916938,Normal
blk_7589872946955471867,Normal
blk_7602939593939794410,Normal
blk_7603278760520020831,Normal
blk_7606019272539977822,Normal
blk_7608961006114219538,Normal
blk_7610838808763810123,Normal
blk_7625391056418655045,Normal
blk_7627900514276120558,Normal
blk_7654726977769174867,Normal
blk_765879159867598347,Normal
blk_7661189768086976193,Normal
blk_7672124247291403094,Normal
blk_7679838117000095334,Normal
blk_7693891282153136044,Normal
blk_7703498406755483188,Normal
blk_7705518309270121951,Anomaly
blk_7713504868233504097,Normal
blk_7720864196601815614,Normal
blk_7721951162137927252,Normal
blk_7733243482102436613,Normal
blk_773599351835388127,Normal
blk_7736147489540456118,Normal
blk_774612454978154966,Normal
blk_7754477838724397551,Normal
blk_7760079751081658559,Normal
blk_7780461223860192433,Normal
blk_7791237942696729620,Normal
blk_7819984111120374407,Normal
blk_7830067201550857864,Anomaly
blk_7837529475466774167,Normal
blk_7838843222458775811,Normal
blk_7841365850685201915,Normal
blk_7851643274522055587,Normal
blk_7855353385462032387,Normal
blk_7864850143895703065,Normal
blk_7872746846750105239,Normal
blk_7888946331804732825,Normal
blk_7891129742741763034,Normal
blk_7901008236334420364,Normal
blk_7908524857056299716,Normal
blk_7922331746517419368,Normal
blk_7924393760966842810,Normal
blk_7929144620252342335,Normal
blk_7932704730736035192,Normal
blk_7940316270494947483,Normal
blk_7942183449206967755,Normal
blk_7963891081239759520,Normal
blk_797263375273454863,Anomaly
blk_7985460426680885040,Normal
blk_798664047382151445,Normal
blk_7996616083434301906,Normal
blk_8005746184358076390,Normal
blk_8007544297333060851,Normal
blk_8015913224713045110,Normal
blk_8029153852899017155,Normal
blk_8048594464172649365,Anomaly
blk_8049943837789435742,Normal
blk_805187982300776163,Normal
blk_805587860540600864,Normal
blk_8059204889272489644,Normal
blk_8060713381303305129,Normal
blk_8063831442998721547,Normal
blk_8083872765147994327,Normal
blk_8087142318511408355,Normal
blk_8097409435735325492,Normal
blk_8102707766842966459,Normal
blk_8116683912654412228,Normal
blk_8145984793403459836,Normal
blk_8155177385081669900,Normal
blk_815809455641029563,Normal
blk_8181993091797661153,Anomaly
blk_8188837227311063557,Normal
blk_8189008752707332487,Normal
blk_8196657927516481490,Normal
blk_8201813022998766557,Normal
blk_8215843708467112607,Normal
blk_8222237992861447018,Normal
blk_8229193803249955061,Normal
blk_8229768485681546149,Normal
blk_8235751201501175836,Normal
blk_8247499802516177421,Normal
blk_8249475180346179102,Normal
blk_825124020036421636,Normal
blk_8254500345987409515,Normal
blk_826351419727053015,Normal
blk_8285441926344578159,Normal
blk_8291449241650212794,Normal
blk_8291708741145026623,Normal
blk_8296499240199635880,Normal
blk_8302956190102508375,Normal
blk_8303284829424905326,Normal
blk_8303413189200230139,Anomaly
blk_830855781964014378,Normal
blk_8320088109701056055,Normal
blk_8323519561483823145,Normal
blk_8345415947062862337,Normal
blk_8348114876238571434,Normal
blk_8350646254685996250,Normal
blk_8376667364205250596,Normal
blk_8377661448601579317,Normal
blk_8384329882986724706,Normal
blk_8384967715738359346,Normal
blk_8393887138377503163,Normal
blk_8404604116961181201,Normal
blk_8406894133999850666,Normal
blk_8408125361497769001,Anomaly
blk_8418106412701718933,Normal
blk_8422946850755720617,Normal
blk_8436095180790908547,Normal
blk_8442157310069672329,Normal
blk_8452214765874767801,Normal
blk_8457344665564381337,Normal
blk_8459274965060101250,Normal
blk_8466246428293623262,Normal
blk_8473858691873523269,Normal
blk_8474920544984206742,Normal
blk_8478683141242372735,Normal
blk_8482111101480751895,Normal
blk_8483848473254499625,Anomaly
blk_8487226415276391460,Normal
blk_8492196963764530259,Normal
blk_8493856762887493521,Normal
blk_8512974147315737844,Normal
blk_8521306385156958668,Normal
blk_8521655806854586696,Normal
blk_8527475857502481768,Normal
blk_8527562124953828227,Normal
blk_8543991617360374935,Normal
blk_8550326614414622861,Normal
blk_8556592730481313831,Normal
blk_8561332122820208519,Normal
blk_8574493302165689212,Normal
blk_8591104451552720112,Normal
blk_8596624696139957935,Normal
blk_859668537217019080,Anomaly
blk_8598135237831029828,Normal
blk_8602496359012842630,Anomaly
blk_8615522912610884162,Normal
blk_865453227320668516,Normal
blk_8655748951361667770,Normal
blk_8663640697928077697,Normal
blk_8692428775973608797,Normal
blk_8693774866554287286,Normal
blk_8699194381234371727,Normal
blk_8699831307500970779,Normal
blk_8708862520108736953,Normal
blk_8711213005689112399,Normal
blk_8716294289715825928,Normal
blk_871974742726663441,Normal
blk_8736689095894369097,Normal
blk_8751697793900992450,Normal
blk_8752665860595246441,Normal
blk_8761138012128091849,Normal
blk_8761786041973172187,Normal
blk_8763662564934652249,Normal
blk_8767569714374844347,Normal
blk_8772892713521115147,Normal
blk_8787656642683881295,Anomaly
blk_8814943807366894581,Normal
blk_8818706925296961012,Normal
blk_8823112510768971040,Normal
blk_8829027411458566099,Normal
blk_8842097432176169457,Normal
blk_8850044049297409379,Normal
blk_8854625173826438305,Normal
blk_8861349372992394289,Normal
blk_8871064397020855320,Normal
blk_8879208244602324204,Normal
blk_8882415653769775762,Normal
blk_8894334107354324777,Anomaly
blk_8902425017314766082,Normal
blk_8907528844412790999,Normal
blk_8924207394547472950,Normal
blk_892900079071425422,Normal
blk_8929806114713265094,Normal
blk_8935202950442998446,Normal
blk_8942969309743886844,Normal
blk_8950932638808086257,Normal
blk_8952177028039691517,Normal
blk_8962411947457130719,Normal
blk_8968608251219902913,Normal
blk_8971893898579544235,Anomaly
blk_8981795097778421111,Normal
blk_8988793695103110546,Normal
blk_8992626816092659826,Normal
blk_8992894896370738220,Normal
blk_8993862241777591326,Normal
blk_9014154925388243050,Normal
blk_901963876338651405,Normal
blk_9034824096129858680,Normal
blk_9034993982993401678,Normal
blk_903961454948542202,Normal
blk_9060964400089016309,Anomaly
blk_9072486569292195232,Normal
blk_9072829105973334075,Normal
blk_9074030793567748915,Normal
blk_9074726164158535746,Normal
blk_9076677650086747187,Normal
blk_9081834782322008396,Normal
blk_9085898147979939648,Normal
blk_9093049293972551787,Normal
blk_9093176996492793041,Normal
blk_9095955277706686312,Normal
blk_9103049989653819836,Normal
blk_9107849594802857322,Normal
blk_9111860234027679206,Normal
blk_9121519145462575118,Normal
blk_9131004320470011870,Normal
blk_9142114171015520823,Normal
blk_9146254623576405494,Normal
blk_9163807899833139121,Anomaly
blk_9169945668827621796,Normal
blk_9173199815015538212,Anomaly
blk_9174833667156726933,Normal
blk_9188832735514090334,Normal
blk_9212264480425680329,Normal
blk_9216955386716663841,Normal
blk_92273823183917102,Normal
blk_92946806844541836,Normal
blk_931297048899943584,Normal
blk_939695665085237271,Normal
blk_955083461510572332,Normal
blk_963252337613423037,Normal
blk_991075908349619367,Normal
blk_995094303184954394,Normal
